year,industry_raw,AUC,Count
2005,Aerospace & Defense,0.8333333333333334,7
2005,Automobile Components,0.1428571428571429,8
2005,Beverages,0.3333333333333333,7
2005,Biotechnology,0.7575757575757576,17
2005,Broadline Retail,0.6,12
2005,Building Products,,5
2005,Capital Markets,0.8901098901098901,20
2005,Chemicals,0.875,19
2005,Commercial Services & Supplies,0.6125,18
2005,Communications Equipment,0.5416666666666667,22
2005,Construction & Engineering,0.42857142857142855,9
2005,Construction Materials,,2
2005,Consumer Staples Distribution & Retail,0.45588235294117646,33
2005,Containers & Packaging,1.0,6
2005,Distributors,1.0,3
2005,Diversified Consumer Services,,5
2005,Diversified Telecommunication Services,0.5625,17
2005,Electric Utilities,1.0,7
2005,Electrical Equipment,,2
2005,"Electronic Equipment, Instruments & Components",0.6666666666666667,10
2005,Energy Equipment & Services,0.41346153846153844,37
2005,Financial Services,0.8125,12
2005,Food Products,0.4444444444444444,22
2005,Gas Utilities,,7
2005,Ground Transportation,1.0,15
2005,Health Care Providers & Services,0.3333333333333333,12
2005,"Hotels, Restaurants & Leisure",0.5925925925925926,15
2005,Household Durables,,4
2005,Household Products,,2
2005,IT Services,,3
2005,Independent Power & Renewable Electricity Producers,0.8571428571428571,18
2005,Industrial Conglomerates,,2
2005,Insurance,0.9,12
2005,Internet Software & Services,0.9,7
2005,Leisure Products,,3
2005,Machinery,0.5694444444444444,24
2005,Marine Transportation,,3
2005,Media,0.38697318007662834,47
2005,Metals & Mining,0.45833333333333337,150
2005,Multi-Utilities,1.0,5
2005,"Oil, Gas & Consumable Fuels",0.6700703426367143,191
2005,Paper & Forest Products,0.7120000000000001,30
2005,Passenger Airlines,0.8,9
2005,Pharmaceuticals,0.2857142857142857,8
2005,Real Estate,0.821078431372549,46
2005,Semiconductors & Semiconductor Equipment,0.5,9
2005,Software,0.7727272727272727,13
2005,Specialty Retail,0.8518518518518519,15
2005,"Textiles, Apparel & Luxury Goods",,4
2005,Tobacco,1.0,4
2005,Trading Companies & Distributors,0.375,10
2005,Transportation Infrastructure,,3
2005,Undefined,1.0,3
2005,Wireless Telecommunication Services,,1
2006,Aerospace & Defense,1.0,10
2006,Air Freight & Logistics,,1
2006,Automobile Components,0.5,10
2006,Beverages,,4
2006,Biotechnology,0.5974025974025974,25
2006,Broadline Retail,0.6979166666666666,22
2006,Building Products,,4
2006,Capital Markets,0.6600985221674878,50
2006,Chemicals,0.5661375661375662,39
2006,Commercial Services & Supplies,0.7320954907161804,42
2006,Communications Equipment,0.911522633744856,45
2006,Construction & Engineering,0.3111111111111111,19
2006,Construction Materials,1.0,5
2006,Consumer Staples Distribution & Retail,0.5793918918918919,53
2006,Containers & Packaging,1.0,11
2006,Distributors,0.8333333333333334,7
2006,Diversified Consumer Services,,9
2006,Diversified Telecommunication Services,0.8857142857142858,24
2006,Electric Utilities,0.37777777777777777,21
2006,Electrical Equipment,,2
2006,"Electronic Equipment, Instruments & Components",1.0,10
2006,Energy Equipment & Services,0.6541218637992832,98
2006,Financial Services,0.9333333333333333,25
2006,Food Products,0.6376811594202898,32
2006,Gas Utilities,1.0,8
2006,Ground Transportation,0.7899159663865546,24
2006,Health Care Providers & Services,0.3246753246753247,25
2006,"Hotels, Restaurants & Leisure",0.5572916666666666,32
2006,Household Durables,,8
2006,Household Products,0.6666666666666667,4
2006,IT Services,0.4166666666666667,7
2006,Independent Power & Renewable Electricity Producers,0.7153846153846153,36
2006,Industrial Conglomerates,,3
2006,Insurance,0.7813852813852814,43
2006,Internet Software & Services,1.0,19
2006,Leisure Products,,7
2006,Life Sciences Tools & Services,,3
2006,Machinery,0.38095238095238093,34
2006,Marine Transportation,,2
2006,Media,0.5390243902439025,81
2006,Metals & Mining,0.5964897959183674,315
2006,Multi-Utilities,1.0,10
2006,"Oil, Gas & Consumable Fuels",0.6515343140517873,445
2006,Paper & Forest Products,0.582535885167464,60
2006,Passenger Airlines,0.39423076923076916,21
2006,Pharmaceuticals,0.8724489795918366,35
2006,Real Estate,0.5397727272727273,56
2006,Real Estate Investment Trusts (REITs),0.6693877551020408,42
2006,Real Estate Management & Development,0.6,13
2006,Semiconductors & Semiconductor Equipment,,8
2006,Software,0.25,11
2006,Specialty Retail,0.65,36
2006,"Textiles, Apparel & Luxury Goods",1.0,9
2006,Tobacco,1.0,8
2006,Trading Companies & Distributors,0.65,24
2006,Transportation Infrastructure,1.0,5
2006,Undefined,0.6666666666666666,5
2006,Wireless Telecommunication Services,1.0,7
2007,Aerospace & Defense,1.0,12
2007,Air Freight & Logistics,0.8,6
2007,Automobile Components,0.7,20
2007,Beverages,1.0,10
2007,Biotechnology,0.7083333333333334,18
2007,Broadline Retail,0.6666666666666667,20
2007,Capital Markets,0.8055555555555556,51
2007,Chemicals,0.8736111111111111,54
2007,Commercial Services & Supplies,0.5178571428571428,38
2007,Communications Equipment,0.42352941176470593,49
2007,Construction & Engineering,0.6857142857142857,27
2007,Construction Materials,,5
2007,Consumer Staples Distribution & Retail,0.6394557823129252,49
2007,Containers & Packaging,0.7857142857142857,11
2007,Distributors,,6
2007,Diversified Consumer Services,0.8571428571428572,8
2007,Diversified Telecommunication Services,0.6517857142857143,23
2007,Electric Utilities,0.5,13
2007,Electrical Equipment,0.0,2
2007,"Electronic Equipment, Instruments & Components",0.8367346938775511,14
2007,Energy Equipment & Services,0.5328407224958949,101
2007,Financial Services,0.3412698412698413,27
2007,Food Products,0.7611111111111111,39
2007,Gas Utilities,0.3333333333333333,8
2007,Ground Transportation,0.9357142857142857,24
2007,Health Care Equipment & Supplies,,4
2007,Health Care Providers & Services,,8
2007,"Hotels, Restaurants & Leisure",0.6060606060606061,14
2007,Household Durables,0.75,6
2007,Household Products,,2
2007,IT Services,0.5416666666666666,14
2007,Independent Power & Renewable Electricity Producers,0.8383458646616542,47
2007,Insurance,0.4452347083926031,56
2007,Internet Software & Services,,8
2007,Leisure Products,0.6666666666666666,4
2007,Life Sciences Tools & Services,0.5333333333333333,8
2007,Machinery,0.66,39
2007,Marine Transportation,0.3333333333333333,4
2007,Media,0.792420814479638,86
2007,Metals & Mining,0.7019931271477662,322
2007,Multi-Utilities,0.0,10
2007,"Oil, Gas & Consumable Fuels",0.6707735791789969,467
2007,Paper & Forest Products,0.71875,68
2007,Passenger Airlines,0.7538461538461538,18
2007,Pharmaceuticals,,19
2007,Real Estate Investment Trusts (REITs),0.8052591463414636,105
2007,Real Estate Management & Development,0.9142857142857144,37
2007,Semiconductors & Semiconductor Equipment,0.375,8
2007,Software,0.8095238095238094,17
2007,Specialty Retail,0.6335403726708074,37
2007,"Textiles, Apparel & Luxury Goods",,8
2007,Tobacco,1.0,8
2007,Trading Companies & Distributors,0.8666666666666667,27
2007,Transportation Infrastructure,1.0,4
2007,Undefined,1.0,12
2007,Wireless Telecommunication Services,1.0,7
2008,Aerospace & Defense,0.5800000000000001,15
2008,Air Freight & Logistics,,5
2008,Automobile Components,,26
2008,Beverages,,9
2008,Biotechnology,0.5454545454545454,13
2008,Broadline Retail,0.9444444444444444,15
2008,Capital Markets,0.9342105263157895,40
2008,Chemicals,0.6430020283975659,46
2008,Commercial Services & Supplies,0.60625,37
2008,Communications Equipment,0.3102766798418972,57
2008,Construction & Engineering,0.5441176470588235,25
2008,Construction Materials,,1
2008,Consumer Staples Distribution & Retail,0.37438423645320196,43
2008,Containers & Packaging,1.0,18
2008,Distributors,,4
2008,Diversified Consumer Services,,9
2008,Diversified Telecommunication Services,0.5578947368421053,24
2008,Electric Utilities,0.875,16
2008,Electrical Equipment,,3
2008,"Electronic Equipment, Instruments & Components",0.8205128205128206,19
2008,Energy Equipment & Services,0.3760587238848108,100
2008,Financial Services,0.43137254901960786,20
2008,Food Products,0.8114285714285715,45
2008,Gas Utilities,,4
2008,Ground Transportation,0.8235294117647058,30
2008,Health Care Equipment & Supplies,,4
2008,Health Care Providers & Services,0.7,9
2008,"Hotels, Restaurants & Leisure",0.2857142857142857,8
2008,Household Durables,1.0,6
2008,IT Services,1.0,3
2008,Independent Power & Renewable Electricity Producers,0.7993079584775087,51
2008,Insurance,0.05714285714285716,37
2008,Internet Software & Services,0.5,11
2008,Leisure Products,,1
2008,Life Sciences Tools & Services,1.0,9
2008,Machinery,0.521978021978022,40
2008,Marine Transportation,,4
2008,Media,0.6845238095238095,77
2008,Metals & Mining,0.7596590909090909,292
2008,Multi-Utilities,0.9259259259259258,12
2008,"Oil, Gas & Consumable Fuels",0.7439704746373702,435
2008,Paper & Forest Products,0.763986013986014,48
2008,Passenger Airlines,0.9166666666666667,32
2008,Personal Care Products,,1
2008,Pharmaceuticals,0.7222222222222223,12
2008,Professional Services,,2
2008,Real Estate Investment Trusts (REITs),0.7942754919499104,82
2008,Real Estate Management & Development,0.7559681697612732,42
2008,Semiconductors & Semiconductor Equipment,1.0,5
2008,Software,0.5263157894736843,21
2008,Specialty Retail,0.5837837837837838,42
2008,"Textiles, Apparel & Luxury Goods",,9
2008,Tobacco,,6
2008,Trading Companies & Distributors,0.7647058823529411,20
2008,Transportation Infrastructure,,4
2008,Undefined,1.0,4
2008,Wireless Telecommunication Services,1.0,5
2009,Aerospace & Defense,,14
2009,Air Freight & Logistics,,4
2009,Automobile Components,0.9272727272727272,21
2009,Beverages,,9
2009,Biotechnology,1.0,14
2009,Broadline Retail,0.41666666666666663,14
2009,Building Products,,4
2009,Capital Markets,0.58984375,40
2009,Chemicals,0.7270408163265306,42
2009,Commercial Services & Supplies,0.6289592760180995,30
2009,Communications Equipment,0.6886016451233842,60
2009,Construction & Engineering,0.9,21
2009,Consumer Staples Distribution & Retail,0.6397306397306397,51
2009,Containers & Packaging,0.38095238095238093,19
2009,Distributors,,4
2009,Diversified Consumer Services,0.8571428571428572,8
2009,Diversified Telecommunication Services,0.6033057851239669,22
2009,Electric Utilities,0.4375,14
2009,"Electronic Equipment, Instruments & Components",0.9,19
2009,Energy Equipment & Services,0.8905817174515236,95
2009,Financial Services,0.7272727272727273,16
2009,Food Products,0.9335664335664337,35
2009,Ground Transportation,0.5610859728506787,30
2009,Health Care Providers & Services,,5
2009,"Hotels, Restaurants & Leisure",0.5,13
2009,Household Durables,0.7222222222222223,9
2009,IT Services,,6
2009,Independent Power & Renewable Electricity Producers,0.6205357142857143,52
2009,Insurance,0.7931034482758621,36
2009,Internet Software & Services,0.8333333333333333,8
2009,Life Sciences Tools & Services,,4
2009,Machinery,0.3159722222222222,41
2009,Marine Transportation,0.0,4
2009,Media,0.642915642915643,70
2009,Metals & Mining,0.7612704918032787,290
2009,Multi-Utilities,0.4,16
2009,"Oil, Gas & Consumable Fuels",0.7815757575757576,380
2009,Paper & Forest Products,0.8729096989966555,36
2009,Passenger Airlines,0.34615384615384615,17
2009,Personal Care Products,,10
2009,Pharmaceuticals,0.8333333333333334,25
2009,Professional Services,,8
2009,Real Estate Investment Trusts (REITs),0.6115591397849462,79
2009,Real Estate Management & Development,0.5769230769230769,48
2009,Semiconductors & Semiconductor Equipment,,3
2009,Software,0.8055555555555556,22
2009,Specialty Retail,0.6691919191919191,40
2009,"Textiles, Apparel & Luxury Goods",,8
2009,Trading Companies & Distributors,0.7545454545454546,21
2009,Transportation Infrastructure,,4
2009,Wireless Telecommunication Services,,6
2010,Aerospace & Defense,0.5925925925925926,18
2010,Automobile Components,0.7666666666666666,23
2010,Beverages,0.9333333333333333,8
2010,Biotechnology,1.0,10
2010,Broadline Retail,0.875,16
2010,Building Products,,2
2010,Capital Markets,0.46153846153846156,40
2010,Chemicals,0.5659340659340659,41
2010,Commercial Services & Supplies,0.566951566951567,40
2010,Communications Equipment,0.7094017094017094,40
2010,Construction & Engineering,0.9166666666666666,19
2010,Consumer Staples Distribution & Retail,0.4830917874396135,50
2010,Containers & Packaging,0.28846153846153844,17
2010,Distributors,,4
2010,Diversified Consumer Services,,6
2010,Diversified Telecommunication Services,0.27450980392156865,23
2010,Electric Utilities,0.75,9
2010,"Electronic Equipment, Instruments & Components",0.5064935064935064,18
2010,Energy Equipment & Services,0.5553571428571429,76
2010,Financial Services,0.9523809523809523,16
2010,Food Products,0.616,35
2010,Ground Transportation,0.6274509803921569,26
2010,Health Care Providers & Services,,4
2010,"Hotels, Restaurants & Leisure",0.4,11
2010,Household Durables,0.4444444444444444,9
2010,IT Services,,5
2010,Independent Power & Renewable Electricity Producers,0.8611111111111112,43
2010,Insurance,0.735,33
2010,Internet Software & Services,,8
2010,Life Sciences Tools & Services,1.0,5
2010,Machinery,0.419047619047619,37
2010,Marine Transportation,1.0,2
2010,Media,0.6275510204081632,63
2010,Metals & Mining,0.5847059430990861,288
2010,Multi-Utilities,0.4861111111111111,17
2010,"Oil, Gas & Consumable Fuels",0.6587354188759278,348
2010,Paper & Forest Products,0.4642857142857143,40
2010,Passenger Airlines,0.7058823529411764,19
2010,Personal Care Products,,6
2010,Pharmaceuticals,0.5641025641025641,19
2010,Professional Services,1.0,9
2010,Real Estate Investment Trusts (REITs),0.6165413533834586,75
2010,Real Estate Management & Development,0.49158249158249157,42
2010,Semiconductors & Semiconductor Equipment,1.0,7
2010,Software,0.6,17
2010,Specialty Retail,0.8070175438596492,37
2010,"Textiles, Apparel & Luxury Goods",,9
2010,Thrifts & Mortgage Finance,,1
2010,Trading Companies & Distributors,0.6874999999999999,24
2010,Transportation Infrastructure,0.25,6
2010,Wireless Telecommunication Services,,5
2011,Aerospace & Defense,0.4833333333333333,17
2011,Automobile Components,0.8400000000000001,15
2011,Beverages,,5
2011,Biotechnology,1.0,4
2011,Broadline Retail,0.9,16
2011,Capital Markets,0.7100591715976331,39
2011,Chemicals,0.7470238095238095,38
2011,Commercial Services & Supplies,0.7343358395989975,40
2011,Communications Equipment,0.6378205128205128,38
2011,Construction & Engineering,0.8901098901098901,20
2011,Consumer Staples Distribution & Retail,0.49583333333333335,44
2011,Containers & Packaging,0.7857142857142857,18
2011,Distributors,1.0,4
2011,Diversified Consumer Services,0.5,5
2011,Diversified Telecommunication Services,0.42592592592592593,21
2011,Electric Utilities,0.4583333333333333,11
2011,"Electronic Equipment, Instruments & Components",0.4935064935064935,25
2011,Energy Equipment & Services,0.5805207328833173,78
2011,Financial Services,0.5,14
2011,Food Products,0.7105263157894737,41
2011,Ground Transportation,0.05555555555555555,20
2011,Health Care Providers & Services,1.0,9
2011,"Hotels, Restaurants & Leisure",1.0,13
2011,Household Durables,0.8,6
2011,IT Services,,6
2011,Independent Power & Renewable Electricity Producers,0.6578947368421053,46
2011,Insurance,0.7647058823529411,37
2011,Internet Software & Services,,8
2011,Life Sciences Tools & Services,,4
2011,Machinery,0.4375,21
2011,Marine Transportation,1.0,4
2011,Media,0.7586206896551724,58
2011,Metals & Mining,0.6946375769200033,323
2011,Multi-Utilities,0.7037037037037037,15
2011,"Oil, Gas & Consumable Fuels",0.5751241721854305,343
2011,Paper & Forest Products,0.6796747967479675,56
2011,Passenger Airlines,0.7,14
2011,Personal Care Products,,5
2011,Pharmaceuticals,1.0,9
2011,Professional Services,0.8,8
2011,Real Estate Investment Trusts (REITs),0.6438953488372093,75
2011,Real Estate Management & Development,0.7310344827586207,34
2011,Semiconductors & Semiconductor Equipment,,11
2011,Software,0.7142857142857142,20
2011,Specialty Retail,0.5517241379310345,30
2011,"Technology Hardware, Storage & Peripherals",,3
2011,"Textiles, Apparel & Luxury Goods",0.75,11
2011,Thrifts & Mortgage Finance,,7
2011,Trading Companies & Distributors,0.54320987654321,27
2011,Transportation Infrastructure,,4
2011,Wireless Telecommunication Services,,5
2012,Aerospace & Defense,0.7444444444444445,19
2012,Automobile Components,0.5454545454545454,17
2012,Beverages,,7
2012,Biotechnology,0.7222222222222223,9
2012,Broadline Retail,0.5181818181818182,21
2012,Capital Markets,0.828,45
2012,Chemicals,0.6724137931034483,33
2012,Commercial Services & Supplies,0.8361344537815126,31
2012,Communications Equipment,0.6781609195402298,44
2012,Construction & Engineering,0.3333333333333333,23
2012,Consumer Finance,,1
2012,Consumer Staples Distribution & Retail,0.5652173913043479,41
2012,Containers & Packaging,0.7307692307692308,15
2012,Distributors,,4
2012,Diversified Consumer Services,0.35714285714285715,9
2012,Diversified Telecommunication Services,0.5833333333333334,19
2012,Electric Utilities,0.75,9
2012,"Electronic Equipment, Instruments & Components",0.32000000000000006,20
2012,Energy Equipment & Services,0.8480885311871227,85
2012,Financial Services,0.4,11
2012,Food Products,0.5101010101010102,45
2012,Gas Utilities,,2
2012,Ground Transportation,0.4444444444444445,17
2012,Health Care Equipment & Supplies,1.0,6
2012,Health Care Providers & Services,0.8923076923076924,23
2012,"Hotels, Restaurants & Leisure",0.8977272727272727,19
2012,Household Durables,,8
2012,IT Services,0.7500000000000001,8
2012,Independent Power & Renewable Electricity Producers,0.7463054187192119,43
2012,Insurance,0.8270676691729323,33
2012,Internet Software & Services,1.0,12
2012,Leisure Products,,3
2012,Life Sciences Tools & Services,0.0,4
2012,Machinery,0.6666666666666666,20
2012,Marine Transportation,,4
2012,Media,0.7119047619047618,58
2012,Metals & Mining,0.7693292370711726,289
2012,Multi-Utilities,0.8333333333333334,15
2012,"Oil, Gas & Consumable Fuels",0.7326422372227579,326
2012,Paper & Forest Products,0.6950000000000001,57
2012,Passenger Airlines,0.7727272727272727,19
2012,Personal Care Products,,4
2012,Pharmaceuticals,0.75,5
2012,Professional Services,1.0,8
2012,Real Estate Investment Trusts (REITs),0.6239495798319328,76
2012,Real Estate Management & Development,0.5189393939393939,41
2012,Software,0.4722222222222222,21
2012,Specialty Retail,0.7976190476190477,29
2012,"Textiles, Apparel & Luxury Goods",0.5,9
2012,Thrifts & Mortgage Finance,0.4444444444444444,11
2012,Trading Companies & Distributors,0.7953216374269005,28
2012,Transportation Infrastructure,,4
2012,Wireless Telecommunication Services,0.3333333333333333,5
2013,Aerospace & Defense,0.6979166666666666,20
2013,Automobile Components,0.5545454545454546,21
2013,Beverages,0.5,9
2013,Biotechnology,,6
2013,Broadline Retail,0.3235294117647059,19
2013,Capital Markets,0.7825311942959001,50
2013,Chemicals,0.9037433155080214,28
2013,Commercial Services & Supplies,0.3055555555555556,32
2013,Communications Equipment,0.7282608695652174,47
2013,Construction & Engineering,0.5800000000000001,20
2013,Consumer Finance,,2
2013,Consumer Staples Distribution & Retail,0.6599326599326599,38
2013,Containers & Packaging,0.8727272727272728,16
2013,Distributors,1.0,4
2013,Diversified Consumer Services,,4
2013,Diversified Telecommunication Services,0.7708333333333333,19
2013,Electric Utilities,,8
2013,"Electronic Equipment, Instruments & Components",0.7179487179487178,19
2013,Energy Equipment & Services,0.47944664031620554,101
2013,Financial Services,0.92,10
2013,Food Products,0.6761904761904762,36
2013,Gas Utilities,,7
2013,Ground Transportation,1.0,17
2013,Health Care Equipment & Supplies,0.625,6
2013,Health Care Providers & Services,,21
2013,"Hotels, Restaurants & Leisure",0.7342657342657343,24
2013,Household Durables,0.6,6
2013,IT Services,,6
2013,Independent Power & Renewable Electricity Producers,0.6833333333333333,39
2013,Insurance,0.7137254901960784,32
2013,Internet Software & Services,1.0,12
2013,Leisure Products,0.6666666666666667,5
2013,Life Sciences Tools & Services,1.0,4
2013,Machinery,0.3942307692307692,34
2013,Marine Transportation,,2
2013,Media,0.6855345911949685,62
2013,Metals & Mining,0.6813882790069246,253
2013,Multi-Utilities,0.875,13
2013,"Oil, Gas & Consumable Fuels",0.5881348314606741,303
2013,Paper & Forest Products,0.6258064516129033,51
2013,Passenger Airlines,0.75,17
2013,Personal Care Products,,4
2013,Pharmaceuticals,,6
2013,Professional Services,0.1333333333333333,8
2013,Real Estate Investment Trusts (REITs),0.7397959183673469,70
2013,Real Estate Management & Development,0.796195652173913,39
2013,Software,0.5526315789473685,31
2013,Specialty Retail,0.5708333333333334,32
2013,"Textiles, Apparel & Luxury Goods",0.5,7
2013,Thrifts & Mortgage Finance,0.8125,12
2013,Trading Companies & Distributors,0.5909090909090908,27
2013,Transportation Infrastructure,0.5,5
2013,Undefined,,1
2013,Wireless Telecommunication Services,,6
2014,Aerospace & Defense,0.4318181818181818,19
2014,Automobile Components,0.45833333333333337,16
2014,Beverages,,8
2014,Biotechnology,,2
2014,Broadline Retail,0.8,20
2014,Capital Markets,0.8275862068965518,52
2014,Chemicals,0.6715686274509804,29
2014,Commercial Services & Supplies,0.759090909090909,32
2014,Communications Equipment,0.7662337662337663,36
2014,Construction & Engineering,0.8571428571428572,20
2014,Consumer Finance,,3
2014,Consumer Staples Distribution & Retail,0.9166666666666666,37
2014,Containers & Packaging,0.5555555555555556,16
2014,Distributors,1.0,4
2014,Diversified Consumer Services,0.5,4
2014,Diversified Telecommunication Services,0.5238095238095237,19
2014,Electric Utilities,0.3888888888888889,9
2014,Electrical Equipment,,4
2014,"Electronic Equipment, Instruments & Components",0.4814814814814815,21
2014,Energy Equipment & Services,0.7999999999999999,95
2014,Financial Services,0.7755102040816326,14
2014,Food Products,0.8023715415019762,34
2014,Gas Utilities,0.5,9
2014,Ground Transportation,,17
2014,Health Care Equipment & Supplies,1.0,7
2014,Health Care Providers & Services,0.6071428571428572,18
2014,"Hotels, Restaurants & Leisure",0.7888888888888889,27
2014,Household Durables,,6
2014,IT Services,,10
2014,Independent Power & Renewable Electricity Producers,0.8369565217391305,39
2014,Insurance,0.7916666666666666,30
2014,Internet & Direct Marketing Retail,,2
2014,Internet Software & Services,0.19999999999999996,11
2014,Leisure Products,1.0,3
2014,Machinery,0.7857142857142857,32
2014,Marine Transportation,,1
2014,Media,0.715625,62
2014,Metals & Mining,0.6964433416046321,210
2014,Multi-Utilities,0.8500000000000001,12
2014,"Oil, Gas & Consumable Fuels",0.6080131362889983,278
2014,Paper & Forest Products,0.8505942275042444,50
2014,Passenger Airlines,0.85,16
2014,Pharmaceuticals,,3
2014,Professional Services,1.0,8
2014,Real Estate Investment Trusts (REITs),0.46164021164021163,78
2014,Real Estate Management & Development,0.685064935064935,39
2014,Software,0.45787545787545786,34
2014,Specialty Retail,0.4823529411764706,27
2014,"Technology Hardware, Storage & Peripherals",,3
2014,"Textiles, Apparel & Luxury Goods",,5
2014,Thrifts & Mortgage Finance,0.65,12
2014,Trading Companies & Distributors,0.3421052631578948,31
2014,Transportation Infrastructure,0.3333333333333333,8
2014,Undefined,,2
2014,Wireless Telecommunication Services,1.0,6
2015,Aerospace & Defense,0.375,17
2015,Automobile Components,0.625,16
2015,Beverages,0.3392857142857143,15
2015,Biotechnology,,5
2015,Broadline Retail,0.7058823529411765,18
2015,Building Products,,4
2015,Capital Markets,0.7019230769230769,55
2015,Chemicals,0.7733333333333333,31
2015,Commercial Services & Supplies,0.7136363636363637,31
2015,Communications Equipment,0.64375,28
2015,Construction & Engineering,0.8571428571428571,19
2015,Consumer Staples Distribution & Retail,0.8502024291497976,32
2015,Containers & Packaging,0.6764705882352942,19
2015,Distributors,1.0,4
2015,Diversified Consumer Services,1.0,4
2015,Diversified Telecommunication Services,0.65,13
2015,Electric Utilities,0.8333333333333333,7
2015,Electrical Equipment,1.0,6
2015,"Electronic Equipment, Instruments & Components",0.6363636363636364,18
2015,Energy Equipment & Services,0.8169230769230769,75
2015,Financial Services,0.6944444444444444,12
2015,Food Products,0.7198067632850241,32
2015,Gas Utilities,0.5,9
2015,Ground Transportation,0.8142857142857143,17
2015,Health Care Equipment & Supplies,0.7777777777777778,12
2015,Health Care Providers & Services,0.7928571428571428,24
2015,"Hotels, Restaurants & Leisure",0.6928104575163399,26
2015,Household Durables,1.0,6
2015,IT Services,0.6666666666666666,11
2015,Independent Power & Renewable Electricity Producers,0.7000000000000001,38
2015,Insurance,0.5493827160493827,33
2015,Internet Software & Services,0.0,11
2015,Leisure Products,0.5,4
2015,Machinery,0.4786324786324787,31
2015,Marine Transportation,,1
2015,Media,0.7802083333333333,62
2015,Metals & Mining,0.7711064918452191,224
2015,Multi-Utilities,1.0,12
2015,"Oil, Gas & Consumable Fuels",0.7225155135685838,242
2015,Paper & Forest Products,0.6923076923076923,52
2015,Passenger Airlines,1.0,16
2015,Pharmaceuticals,,3
2015,Professional Services,1.0,8
2015,Real Estate Investment Trusts (REITs),0.620412267471091,90
2015,Real Estate Management & Development,0.7097505668934241,42
2015,Software,0.6923076923076923,31
2015,Specialty Retail,0.5299145299145299,31
2015,"Technology Hardware, Storage & Peripherals",0.75,4
2015,"Textiles, Apparel & Luxury Goods",,4
2015,Thrifts & Mortgage Finance,0.9666666666666667,11
2015,Trading Companies & Distributors,0.5941176470588235,27
2015,Transportation Infrastructure,0.125,8
2015,Wireless Telecommunication Services,0.75,5
2016,Aerospace & Defense,0.6944444444444444,18
2016,Air Freight & Logistics,,3
2016,Automobile Components,0.4,15
2016,Beverages,0.4666666666666667,16
2016,Biotechnology,0.6212121212121212,17
2016,Broadline Retail,0.3492063492063492,16
2016,Building Products,,4
2016,Capital Markets,0.44848484848484843,53
2016,Chemicals,0.6666666666666666,28
2016,Commercial Services & Supplies,0.9772727272727272,19
2016,Communications Equipment,0.7173913043478262,33
2016,Construction & Engineering,0.7285714285714285,19
2016,Consumer Staples Distribution & Retail,0.5789473684210527,29
2016,Containers & Packaging,1.0,19
2016,Distributors,0.5,4
2016,Diversified Consumer Services,,4
2016,Diversified REITs,0.6041666666666667,22
2016,Diversified Telecommunication Services,0.15,13
2016,Electric Utilities,1.0,11
2016,Electrical Equipment,0.4285714285714286,8
2016,"Electronic Equipment, Instruments & Components",0.18055555555555552,17
2016,Energy Equipment & Services,0.6458333333333334,68
2016,Financial Services,0.5555555555555556,11
2016,Food Products,0.5470085470085471,31
2016,Gas Utilities,0.8333333333333333,9
2016,Ground Transportation,0.875,14
2016,Health Care Equipment & Supplies,0.3846153846153846,15
2016,Health Care Providers & Services,0.9636363636363636,16
2016,"Hotels, Restaurants & Leisure",0.5802469135802469,33
2016,Household Durables,0.8333333333333334,5
2016,IT Services,0.1428571428571429,8
2016,Independent Power & Renewable Electricity Producers,0.417989417989418,39
2016,Insurance,0.5518518518518518,33
2016,Internet Software & Services,0.95,13
2016,Leisure Products,0.0,5
2016,Machinery,0.6851851851851851,30
2016,Marine Transportation,0.5,3
2016,Media,0.808695652173913,58
2016,Metals & Mining,0.642285200179937,236
2016,Multi-Utilities,0.9545454545454546,13
2016,"Oil, Gas & Consumable Fuels",0.6771380793119923,228
2016,Paper & Forest Products,0.6526315789473685,53
2016,Passenger Airlines,0.59375,16
2016,Pharmaceuticals,,1
2016,Professional Services,0.875,8
2016,Real Estate Investment Trusts (REITs),0.6372093023255814,73
2016,Real Estate Management & Development,0.511904761904762,45
2016,Software,0.3794642857142857,30
2016,Specialty Retail,0.5761904761904761,29
2016,"Technology Hardware, Storage & Peripherals",1.0,4
2016,"Textiles, Apparel & Luxury Goods",,2
2016,Thrifts & Mortgage Finance,0.6153846153846154,20
2016,Trading Companies & Distributors,0.8578947368421053,29
2016,Transportation Infrastructure,0.9166666666666667,8
2016,Undefined,,4
2016,Wireless Telecommunication Services,1.0,5
2017,Aerospace & Defense,0.9038461538461539,17
2017,Air Freight & Logistics,0.75,4
2017,Automobile Components,0.625,14
2017,Beverages,0.7818181818181819,16
2017,Biotechnology,0.2380952380952381,16
2017,Broadline Retail,0.71875,12
2017,Building Products,,4
2017,Capital Markets,0.4809782608695652,55
2017,Chemicals,0.42962962962962964,24
2017,Commercial Services & Supplies,0.6369047619047619,26
2017,Communications Equipment,1.0,21
2017,Construction & Engineering,0.5454545454545454,20
2017,Consumer Staples Distribution & Retail,0.2946859903381643,32
2017,Containers & Packaging,1.0,17
2017,Distributors,,4
2017,Diversified Consumer Services,,4
2017,Diversified REITs,0.6827094474153297,101
2017,Diversified Telecommunication Services,0.6,10
2017,Electric Utilities,0.525,13
2017,Electrical Equipment,,5
2017,"Electronic Equipment, Instruments & Components",0.8125,18
2017,Energy Equipment & Services,0.5380952380952381,67
2017,Financial Services,0.7222222222222222,9
2017,Food Products,0.4809523809523809,31
2017,Gas Utilities,1.0,8
2017,Ground Transportation,1.0,14
2017,Health Care Equipment & Supplies,,9
2017,Health Care Providers & Services,0.6833333333333333,16
2017,"Hotels, Restaurants & Leisure",0.6242424242424243,26
2017,Household Durables,1.0,5
2017,IT Services,,6
2017,Independent Power & Renewable Electricity Producers,0.6801346801346801,38
2017,Insurance,0.6629629629629631,37
2017,Internet Software & Services,0.3125,16
2017,Leisure Products,0.5333333333333333,8
2017,Machinery,0.36032388663967607,32
2017,Media,0.6599999999999999,45
2017,Metals & Mining,0.6124462245957573,233
2017,Multi-Utilities,0.6296296296296297,12
2017,"Oil, Gas & Consumable Fuels",0.7644239000171204,217
2017,Paper & Forest Products,0.5277777777777778,44
2017,Passenger Airlines,0.5555555555555556,16
2017,Pharmaceuticals,,5
2017,Professional Services,0.6666666666666667,8
2017,Real Estate Management & Development,0.6014492753623188,47
2017,Software,0.8165680473372781,26
2017,Specialty Retail,0.5497835497835497,32
2017,"Technology Hardware, Storage & Peripherals",1.0,4
2017,"Textiles, Apparel & Luxury Goods",0.16666666666666669,5
2017,Thrifts & Mortgage Finance,0.6263736263736264,20
2017,Trading Companies & Distributors,0.3441295546558704,32
2017,Transportation Infrastructure,0.8333333333333333,8
2017,Undefined,,4
2017,Wireless Telecommunication Services,,5
2018,Aerospace & Defense,1.0,16
2018,Air Freight & Logistics,,4
2018,Automobile Components,0.85,14
2018,Beverages,0.8500000000000001,12
2018,Biotechnology,0.788888888888889,19
2018,Broadline Retail,1.0,12
2018,Building Products,1.0,4
2018,Capital Markets,0.7752525252525253,57
2018,Chemicals,0.4871794871794872,22
2018,Commercial Services & Supplies,0.8625,28
2018,Communications Equipment,0.38095238095238093,17
2018,Construction & Engineering,0.6060606060606061,20
2018,Consumer Finance,,2
2018,Consumer Staples Distribution & Retail,0.5857142857142857,31
2018,Containers & Packaging,0.625,18
2018,Distributors,,4
2018,Diversified Consumer Services,0.6666666666666667,5
2018,Diversified REITs,0.658498023715415,101
2018,Diversified Telecommunication Services,0.0,9
2018,Electric Utilities,0.925,13
2018,Electrical Equipment,,7
2018,"Electronic Equipment, Instruments & Components",0.8611111111111112,13
2018,Energy Equipment & Services,0.6024193548387097,71
2018,Financial Services,0.90625,12
2018,Food Products,0.6538461538461539,33
2018,Gas Utilities,0.5714285714285714,9
2018,Ground Transportation,0.9230769230769231,15
2018,Health Care Equipment & Supplies,,3
2018,Health Care Providers & Services,0.9375,19
2018,"Hotels, Restaurants & Leisure",0.7275641025641024,38
2018,Household Durables,,5
2018,IT Services,,4
2018,Independent Power & Renewable Electricity Producers,0.4722222222222222,33
2018,Insurance,0.5365079365079365,36
2018,Internet Software & Services,0.30952380952380953,17
2018,Leisure Products,1.0,8
2018,Machinery,0.3333333333333333,25
2018,Marine Transportation,,1
2018,Media,0.7440191387559809,41
2018,Metals & Mining,0.6859741947461245,246
2018,Multi-Utilities,1.0,13
2018,"Oil, Gas & Consumable Fuels",0.6685873427446462,206
2018,Paper & Forest Products,0.6881720430107526,43
2018,Passenger Airlines,1.0,16
2018,Personal Care Products,,4
2018,Pharmaceuticals,0.9230769230769231,15
2018,Professional Services,0.8571428571428572,8
2018,Real Estate Management & Development,0.825,48
2018,Software,0.5227272727272727,31
2018,Specialty Retail,0.48333333333333334,28
2018,"Textiles, Apparel & Luxury Goods",,13
2018,Thrifts & Mortgage Finance,0.7916666666666666,23
2018,Trading Companies & Distributors,0.3727272727272727,32
2018,Transportation Infrastructure,0.6666666666666666,8
2018,Undefined,,4
2018,Wireless Telecommunication Services,,5
2019,Aerospace & Defense,0.5,16
2019,Air Freight & Logistics,,4
2019,Automobile Components,,14
2019,Beverages,0.5714285714285715,12
2019,Biotechnology,0.8,21
2019,Broadline Retail,0.6363636363636364,12
2019,Building Products,0.5,3
2019,Capital Markets,0.6149068322981366,44
2019,Chemicals,0.9523809523809523,25
2019,Commercial Services & Supplies,0.5657142857142857,32
2019,Communications Equipment,0.33653846153846156,21
2019,Construction & Engineering,0.7575757575757576,20
2019,Consumer Finance,0.0,4
2019,Consumer Staples Distribution & Retail,0.6071428571428572,27
2019,Containers & Packaging,0.2424242424242424,17
2019,Distributors,,4
2019,Diversified Consumer Services,0.0,4
2019,Diversified REITs,0.7216927182615326,104
2019,Diversified Telecommunication Services,0.5555555555555556,9
2019,Electric Utilities,1.0,11
2019,Electrical Equipment,,7
2019,"Electronic Equipment, Instruments & Components",,8
2019,Energy Equipment & Services,0.7575083426028921,60
2019,Entertainment,,6
2019,Financial Services,1.0,15
2019,Food Products,0.7159090909090908,35
2019,Gas Utilities,0.6666666666666666,11
2019,Ground Transportation,0.5952380952380952,13
2019,Health Care Providers & Services,0.9285714285714286,21
2019,"Hotels, Restaurants & Leisure",0.506993006993007,37
2019,Household Durables,,4
2019,IT Services,0.3055555555555556,13
2019,Independent Power & Renewable Electricity Producers,0.9090909090909092,32
2019,Insurance,0.6538461538461539,36
2019,Interactive Media & Services,,3
2019,Internet & Direct Marketing Retail,1.0,4
2019,Internet Software & Services,,1
2019,Leisure Products,0.8571428571428572,8
2019,Machinery,0.2894736842105263,25
2019,Marine Transportation,,3
2019,Media,0.7254901960784313,35
2019,Metals & Mining,0.6543923589292447,255
2019,Multi-Utilities,0.75,17
2019,"Oil, Gas & Consumable Fuels",0.6682307959680222,179
2019,Paper & Forest Products,0.8575757575757575,43
2019,Passenger Airlines,1.0,16
2019,Personal Care Products,0.9375,8
2019,Pharmaceuticals,0.7697368421052632,27
2019,Professional Services,0.8253968253968255,16
2019,Real Estate Management & Development,0.546969696969697,52
2019,Software,0.5866666666666667,30
2019,Specialty Retail,0.6752136752136751,22
2019,"Textiles, Apparel & Luxury Goods",,13
2019,Thrifts & Mortgage Finance,0.3888888888888889,24
2019,Trading Companies & Distributors,0.6666666666666666,32
2019,Transportation Infrastructure,1.0,8
2019,Undefined,,4
2019,Wireless Telecommunication Services,,5
2020,Aerospace & Defense,0.9047619047619047,16
2020,Air Freight & Logistics,1.0,4
2020,Automobile Components,0.634920634920635,16
2020,Beverages,0.3714285714285714,12
2020,Biotechnology,0.08333333333333334,19
2020,Broadline Retail,0.9166666666666667,8
2020,Building Products,,3
2020,Capital Markets,0.5816091954022988,44
2020,Chemicals,0.3923076923076923,23
2020,Commercial Services & Supplies,0.7466666666666666,30
2020,Communications Equipment,0.673076923076923,21
2020,Construction & Engineering,0.6363636363636364,20
2020,Consumer Finance,,4
2020,Consumer Staples Distribution & Retail,0.7000000000000001,27
2020,Containers & Packaging,0.7115384615384616,17
2020,Distributors,0.6666666666666666,4
2020,Diversified Consumer Services,,4
2020,Diversified REITs,0.7099383667180277,103
2020,Diversified Telecommunication Services,0.7142857142857143,9
2020,Electric Utilities,0.41666666666666663,11
2020,Electrical Equipment,1.0,4
2020,"Electronic Equipment, Instruments & Components",1.0,7
2020,Energy Equipment & Services,0.6284722222222221,50
2020,Entertainment,0.25,8
2020,Financial Services,0.325,14
2020,Food Products,0.5303643724696356,32
2020,Gas Utilities,0.8333333333333334,10
2020,Ground Transportation,0.4714285714285714,17
2020,Health Care Equipment & Supplies,,1
2020,Health Care Providers & Services,0.6805555555555556,17
2020,"Hotels, Restaurants & Leisure",0.6622807017543859,31
2020,Household Durables,0.5,4
2020,IT Services,0.3333333333333333,13
2020,Independent Power & Renewable Electricity Producers,0.7603305785123967,33
2020,Insurance,0.8166666666666667,34
2020,Interactive Media & Services,,5
2020,Internet & Direct Marketing Retail,0.6666666666666667,6
2020,Leisure Products,0.9444444444444445,9
2020,Machinery,0.8153846153846154,23
2020,Marine Transportation,,4
2020,Media,0.8181818181818182,33
2020,Metals & Mining,0.6886993603411513,232
2020,Multi-Utilities,0.33333333333333337,16
2020,"Oil, Gas & Consumable Fuels",0.7040347293156282,177
2020,Paper & Forest Products,0.5083333333333333,43
2020,Passenger Airlines,0.5925925925925926,12
2020,Personal Care Products,,8
2020,Pharmaceuticals,0.8916666666666666,34
2020,Professional Services,0.31746031746031744,16
2020,Real Estate Management & Development,0.56,53
2020,Software,0.5797101449275363,38
2020,Specialty Retail,0.7708333333333335,22
2020,"Textiles, Apparel & Luxury Goods",0.9666666666666667,13
2020,Thrifts & Mortgage Finance,0.6293706293706294,24
2020,Trading Companies & Distributors,0.55,33
2020,Transportation Infrastructure,0.875,8
2020,Undefined,,4
2020,Wireless Telecommunication Services,,5
2021,Aerospace & Defense,1.0,16
2021,Air Freight & Logistics,,4
2021,Automobile Components,0.888888888888889,19
2021,Beverages,,7
2021,Biotechnology,0.3333333333333333,14
2021,Broadline Retail,0.5,8
2021,Building Products,,4
2021,Capital Markets,0.629090909090909,47
2021,Chemicals,0.6397058823529411,25
2021,Commercial Services & Supplies,0.737012987012987,36
2021,Communications Equipment,0.8214285714285714,16
2021,Construction & Engineering,0.7000000000000001,21
2021,Consumer Finance,0.5714285714285714,8
2021,Consumer Staples Distribution & Retail,0.5800000000000001,25
2021,Containers & Packaging,0.5454545454545454,19
2021,Distributors,,4
2021,Diversified Consumer Services,1.0,4
2021,Diversified REITs,0.7419718309859156,96
2021,Diversified Telecommunication Services,1.0,9
2021,Electric Utilities,0.7,13
2021,Electrical Equipment,,4
2021,"Electronic Equipment, Instruments & Components",,8
2021,Energy Equipment & Services,0.41581632653061223,56
2021,Entertainment,,8
2021,Financial Services,1.0,10
2021,Food Products,0.3380952380952381,29
2021,Gas Utilities,0.5833333333333334,8
2021,Ground Transportation,0.45238095238095244,20
2021,Health Care Equipment & Supplies,0.5,3
2021,Health Care Providers & Services,0.7045454545454546,23
2021,"Hotels, Restaurants & Leisure",0.6666666666666667,26
2021,Household Durables,1.0,4
2021,IT Services,0.7936507936507937,16
2021,Independent Power & Renewable Electricity Producers,0.8117647058823529,32
2021,Insurance,0.763888888888889,34
2021,Interactive Media & Services,,10
2021,Internet & Direct Marketing Retail,,6
2021,Internet Software & Services,,2
2021,Leisure Products,0.8666666666666667,8
2021,Machinery,0.6759259259259258,21
2021,Marine Transportation,,4
2021,Media,0.6507352941176471,33
2021,Metals & Mining,0.6759281437125748,242
2021,Multi-Utilities,0.8125,14
2021,"Oil, Gas & Consumable Fuels",0.7214956405097249,184
2021,Paper & Forest Products,0.8575851393188855,36
2021,Passenger Airlines,0.16666666666666666,11
2021,Personal Care Products,,6
2021,Pharmaceuticals,0.7162629757785467,34
2021,Professional Services,0.875,16
2021,Real Estate Management & Development,0.7506925207756232,57
2021,Software,0.5371428571428571,46
2021,Specialty Retail,0.5740740740740741,24
2021,"Textiles, Apparel & Luxury Goods",,8
2021,Thrifts & Mortgage Finance,0.7008547008547008,22
2021,Trading Companies & Distributors,0.9833333333333334,32
2021,Transportation Infrastructure,0.5,8
2021,Undefined,,1
2021,Wireless Telecommunication Services,,5
2022,Aerospace & Defense,0.8831168831168831,18
2022,Air Freight & Logistics,1.0,4
2022,Automobile Components,0.4166666666666667,22
2022,Beverages,,7
2022,Biotechnology,0.4857142857142857,12
2022,Broadline Retail,0.5625,8
2022,Capital Markets,0.8388888888888889,42
2022,Chemicals,0.7703703703703704,24
2022,Commercial Services & Supplies,0.53,40
2022,Communications Equipment,0.4,16
2022,Construction & Engineering,0.69,20
2022,Consumer Finance,0.6666666666666667,4
2022,Consumer Staples Distribution & Retail,0.8125,27
2022,Containers & Packaging,0.4285714285714286,22
2022,Distributors,1.0,4
2022,Diversified Consumer Services,,4
2022,Diversified REITs,0.6677777777777778,100
2022,Diversified Telecommunication Services,0.6428571428571428,9
2022,Electric Utilities,0.5185185185185186,12
2022,Electrical Equipment,1.0,4
2022,"Electronic Equipment, Instruments & Components",,9
2022,Energy Equipment & Services,0.32142857142857145,72
2022,Entertainment,0.13333333333333336,8
2022,Financial Services,0.26666666666666666,8
2022,Food Products,0.6055555555555555,27
2022,Gas Utilities,0.8666666666666667,8
2022,Ground Transportation,0.45833333333333337,19
2022,Health Care Equipment & Supplies,,3
2022,Health Care Providers & Services,0.73125,26
2022,"Hotels, Restaurants & Leisure",0.7532467532467533,25
2022,Household Durables,,2
2022,IT Services,0.7407407407407407,27
2022,Independent Power & Renewable Electricity Producers,0.6884615384615385,33
2022,Insurance,0.5990338164251208,32
2022,Interactive Media & Services,,5
2022,Internet & Direct Marketing Retail,,3
2022,Leisure Products,0.8125,8
2022,Machinery,0.8214285714285714,20
2022,Marine Transportation,0.0,3
2022,Media,0.7792207792207793,32
2022,Metals & Mining,0.738822184105203,218
2022,Multi-Utilities,0.5,12
2022,"Oil, Gas & Consumable Fuels",0.7157044491525424,182
2022,Paper & Forest Products,0.8171428571428572,32
2022,Passenger Airlines,,11
2022,Personal Care Products,,4
2022,Pharmaceuticals,0.8421052631578947,33
2022,Professional Services,0.6375000000000001,18
2022,Real Estate Management & Development,0.74375,56
2022,Software,0.6522556390977444,52
2022,Specialty Retail,0.4083333333333333,26
2022,"Textiles, Apparel & Luxury Goods",,8
2022,Thrifts & Mortgage Finance,0.84375,20
2022,Trading Companies & Distributors,0.6980392156862745,32
2022,Transportation Infrastructure,0.11111111111111108,9
2022,Wireless Telecommunication Services,1.0,5
2023,Aerospace & Defense,0.9,20
2023,Air Freight & Logistics,,4
2023,Automobile Components,0.25,21
2023,Beverages,1.0,4
2023,Biotechnology,0.375,6
2023,Broadline Retail,0.6000000000000001,8
2023,Capital Markets,0.670940170940171,44
2023,Chemicals,0.7669172932330826,26
2023,Commercial Services & Supplies,0.663888888888889,38
2023,Communications Equipment,0.7333333333333333,8
2023,Construction & Engineering,0.39285714285714285,20
2023,Consumer Finance,0.5714285714285714,8
2023,Consumer Staples Distribution & Retail,0.7217391304347827,28
2023,Containers & Packaging,0.5090909090909091,21
2023,Distributors,,1
2023,Diversified Consumer Services,0.0,5
2023,Diversified REITs,0.6623376623376623,36
2023,Diversified Telecommunication Services,0.8125,10
2023,Electric Utilities,0.53125,12
2023,Electrical Equipment,0.5714285714285714,9
2023,"Electronic Equipment, Instruments & Components",,9
2023,Energy Equipment & Services,0.6978879706152433,66
2023,Entertainment,0.0,8
2023,Financial Services,0.5909090909090909,29
2023,Food Products,0.8671328671328671,24
2023,Gas Utilities,0.75,8
2023,Ground Transportation,0.5384615384615384,19
2023,Health Care Equipment & Supplies,0.0,2
2023,Health Care Providers & Services,0.6643356643356644,24
2023,Health Care REITs,1.0,3
2023,"Hotels, Restaurants & Leisure",0.2272727272727273,24
2023,IT Services,0.743801652892562,22
2023,Independent Power & Renewable Electricity Producers,0.42592592592592593,33
2023,Industrial REITs,0.75,6
2023,Insurance,0.6549707602339181,37
2023,Leisure Products,,8
2023,Machinery,0.8214285714285715,20
2023,Marine Transportation,,3
2023,Media,0.65,28
2023,Metals & Mining,0.689348025711662,209
2023,Multi-Utilities,0.6857142857142857,12
2023,Office REITs,0.4166666666666667,8
2023,"Oil, Gas & Consumable Fuels",0.8405948889819858,185
2023,Paper & Forest Products,0.7454545454545454,27
2023,Passenger Airlines,0.5555555555555556,12
2023,Personal Care Products,,4
2023,Pharmaceuticals,0.796875,28
2023,Professional Services,0.23999999999999996,15
2023,Real Estate Management & Development,0.6223529411764706,59
2023,Residential REITs,0.42307692307692313,15
2023,Retail REITs,0.75,27
2023,Software,0.5984848484848485,57
2023,Specialized REITs,,3
2023,Specialty Retail,0.8106060606060606,28
2023,"Textiles, Apparel & Luxury Goods",0.75,9
2023,Thrifts & Mortgage Finance,,5
2023,Trading Companies & Distributors,0.574712643678161,32
2023,Transportation Infrastructure,0.25,9
2023,Wireless Telecommunication Services,1.0,5
2024,Aerospace & Defense,,9
2024,Air Freight & Logistics,,2
2024,Automobile Components,,9
2024,Beverages,,2
2024,Biotechnology,,2
2024,Broadline Retail,,3
2024,Capital Markets,,20
2024,Chemicals,,15
2024,Commercial Services & Supplies,,23
2024,Communications Equipment,,3
2024,Construction & Engineering,,11
2024,Consumer Finance,,4
2024,Consumer Staples Distribution & Retail,,9
2024,Containers & Packaging,,10
2024,Diversified Consumer Services,,4
2024,Diversified REITs,,8
2024,Diversified Telecommunication Services,,9
2024,Electric Utilities,,6
2024,Electrical Equipment,,4
2024,"Electronic Equipment, Instruments & Components",,5
2024,Energy Equipment & Services,,36
2024,Entertainment,,3
2024,Financial Services,,13
2024,Food Products,,11
2024,Gas Utilities,,4
2024,Ground Transportation,,11
2024,Health Care Equipment & Supplies,,2
2024,Health Care Providers & Services,,9
2024,Health Care REITs,,2
2024,"Hotels, Restaurants & Leisure",,9
2024,IT Services,,9
2024,Independent Power & Renewable Electricity Producers,,16
2024,Industrial REITs,,4
2024,Insurance,,19
2024,Leisure Products,,4
2024,Machinery,,10
2024,Marine Transportation,,2
2024,Media,,7
2024,Metals & Mining,,105
2024,Multi-Utilities,,6
2024,Office REITs,,4
2024,"Oil, Gas & Consumable Fuels",,93
2024,Paper & Forest Products,,10
2024,Passenger Airlines,,6
2024,Personal Care Products,,2
2024,Pharmaceuticals,,11
2024,Professional Services,,8
2024,Real Estate Management & Development,,27
2024,Residential REITs,,12
2024,Retail REITs,,18
2024,Software,,24
2024,Specialized REITs,,2
2024,Specialty Retail,,12
2024,"Textiles, Apparel & Luxury Goods",,4
2024,Trading Companies & Distributors,,15
2024,Transportation Infrastructure,,2
2024,Wireless Telecommunication Services,,3
